{"cameraMode":{"drawMode":0,"name":"Shaded","section":"Shading Mode"},"sceneLighting":true,"audioPlay":false,"sceneViewState":{"m_AlwaysRefresh":false,"showFog":true,"showSkybox":true,"showFlares":true,"showImageEffects":true,"showParticleSystems":true,"showVisualEffectGraphs":true,"m_FxEnabled":true},"in2DMode":false,"pivot":{"x":4.338709354400635,"y":4.5971832275390629,"z":0.08845726400613785},"rotation":{"x":0.03466612473130226,"y":0.7041362524032593,"z":-0.03446221351623535,"w":0.7083970308303833},"size":3.5568161010742189,"orthographic":false}