{"cameraMode":{"drawMode":0,"name":"Shaded","section":"Shading Mode"},"sceneLighting":true,"audioPlay":false,"sceneViewState":{"m_AlwaysRefresh":false,"showFog":true,"showSkybox":true,"showFlares":true,"showImageEffects":true,"showParticleSystems":true,"showVisualEffectGraphs":true,"m_FxEnabled":true},"in2DMode":false,"pivot":{"x":0.4424552917480469,"y":3.0425004959106447,"z":-0.9036246538162231},"rotation":{"x":-0.09301996231079102,"y":0.6689908504486084,"z":-0.08495210111141205,"w":-0.7325245141983032},"size":5.821987152099609,"orthographic":false}